Workbook

Sheet Instructions
A1: SCR_StandardFormula — Demo 2A Workbook
A3: This is the .xlsx test fixture. The .xlsm version contains the VBA modules described in VBA_SPEC.md.
A5: Tabs (in workflow order):
A6: Inputs — per-LoB volumes, asset value/duration, liability cash flows
A7: RFR_Curves — pasted from demo 1 gold table {catalog}.{schema}.rfr_curves
A8: Assumptions — sigmas, correlation matrices, Op factor, Cat plug, LACDT
A9: NL_PremRes — per-LoB combined sigma and NL aggregation
A10: Market_IR — asset and liability NAV under IR up/down shock
A11: Cat — plug pass-through from Assumptions
A12: Aggregation — BSCR closed form + Op + LACDT → SCR
A13: Scenarios — populated by VBA RunScenarios()
A14: Output — formatted SCR breakdown (built by GenerateSummary)
... A17: used by the Databricks parity test (src/08_parity_test.py).

Sheet Inputs
A1: Inputs — base scenario
A3: Scalar | B3: Value
A4: scenario_id | B4: base
A5: as_of_date | B5: 2025-12-31
A6: currency | B6: EUR
A7: earned_premium | B7: 285000000
A8: asset_value | B8: 950000000
A9: asset_modified_duration | B9: 4.5
A11: LoB | B11: V_prem | C11: V_res | E11: Year | F11: Liability CF
A12: Motor | B12: 120000000 | C12: 180000000 | E12: 1 | F12: 75000000
A13: Property | B13: 95000000 | C13: 60000000 | E13: 2 | F13: 68000000
A14: Liability | B14: 40000000 | C14: 85000000 | E14: 3 | F14: 60000000
A15: Other | B15: 25000000 | C15: 15000000 | E15: 4 | F15: 52000000
E16: 5 | F16: 45000000
E17: 6 | F17: 38000000
E18: 7 | F18: 32000000
E19: 8 | F19: 26000000
E20: 9 | F20: 21000000
E21: 10 | F21: 17000000
E22: 11 | F22: 14000000
E23: 12 | F23: 11000000
E24: 13 | F24: 9000000
E25: 14 | F25: 7000000
E26: 15 | F26: 5500000
E27: 20 | F27: 4000000
... E29: 30 | F29: 1500000

Sheet RFR_Curves
A1: RFR_Curves — paste from demo 1 gold table
A3: Place the rfr_curves rows here (effective_date, currency, maturity_months, spot_rate).
A4: The .xlsm version uses the actuary's manual paste from a Databricks SQL query.
A5: Demo 2A's Excel parity reference does not depend on this tab — it embeds a flat 2.5%
A6: fallback so the workbook always evaluates. The Databricks orchestrator uses the real curve.

Sheet Assumptions
A1: Assumptions — v1_2025_12
A3: LoB | B3: σ_prem | C3: σ_res | E3: NL LoB correlation matrix
A4: Motor | B4: 0.1 | C4: 0.095 | F4: Motor | G4: Property | H4: Liability | I4: Other
A5: Property | B5: 0.08 | C5: 0.11 | E5: Motor | F5: 1 | G5: 0.5 | H5: 0.5 | I5: 0.25
A6: Liability | B6: 0.14 | C6: 0.19 | E6: Property | F6: 0.5 | G6: 1 | H6: 0.25 | I6: 0.25
A7: Other | B7: 0.13 | C7: 0.15 | E7: Liability | F7: 0.5 | G7: 0.25 | H7: 1 | I7: 0.5
E8: Other | F8: 0.25 | G8: 0.25 | H8: 0.5 | I8: 1
A10: BSCR ρ(Market, UW) | B10: 0.25
A11: Op factor | B11: 0.03
A12: Cat plug | B12: 45000000
A13: LACDT | B13: 12000000
A14: IR shock up (bps) | B14: 200
A15: IR shock down (bps) | B15: -200
A16: IR down floor | B16: -0.01

Sheet NL_PremRes
A1: NL Premium & Reserve — per-LoB and aggregation
A3: LoB | B3: V_prem | C3: V_res | D3: σ_prem | E3: σ_res | F3: V_lob | G3: σ_lob
A4: Motor | B4: 120000000 | C4: 180000000 | D4: 0.1 | E4: 0.095 | F4: =B4+C4 | G4: =IFERROR(SQRT((D4*B4)^2+2*0.5*D4*E4*B4*C4+(E4*C4)^2)/F4,0)
A5: Property | B5: 95000000 | C5: 60000000 | D5: 0.08 | E5: 0.11 | F5: =B5+C5 | G5: =IFERROR(SQRT((D5*B5)^2+2*0.5*D5*E5*B5*C5+(E5*C5)^2)/F5,0)
A6: Liability | B6: 40000000 | C6: 85000000 | D6: 0.14 | E6: 0.19 | F6: =B6+C6 | G6: =IFERROR(SQRT((D6*B6)^2+2*0.5*D6*E6*B6*C6+(E6*C6)^2)/F6,0)
A7: Other | B7: 25000000 | C7: 15000000 | D7: 0.13 | E7: 0.15 | F7: =B7+C7 | G7: =IFERROR(SQRT((D7*B7)^2+2*0.5*D7*E7*B7*C7+(E7*C7)^2)/F7,0)
A9: Aggregation
A10: V_NL | B10: =SUM(F4:F7)
A11: σ_NL | B11: =SQRT(Assumptions!F5*G4*F4*G4*F4+Assumptions!G5*G4*F4*G5*F5+Assumptions!H5*G4*F4*G6*F6+Assumptions!I5*G4*F4*G7*F7+Assumptions!F6*G5*F5*G4*F4+Assumptions!G6*G5*F5*G5*F5+Assumptions!H6*G5*F5*G6*F6+Assumptions!I6*G5*F5*G7*F7+Assumptions!F7*G6*F6*G4*F4+Assumptions!G7*G6*F6*G5*F5+Assumptions!H7*G6*F6*G6*F6+Assumptions!I7*G6*F6*G7*F7+Assumptions!F8*G7*F7*G4*F4+Assumptions!G8*G7*F7*G5*F5+Assumptions!H8*G7*F7*G6*F6+Assumptions!I8*G7*F7*G7*F7)/B10
A12: SCR_nl_premres | B12: =3*B11*B10

Sheet Market_IR
A1: Market IR — NAV revaluation
A3: Fallback flat rate | B3: 0.025
A5: Shock up (decimal) | B5: =Assumptions!B14/10000
A6: Shock down (decimal) | B6: =Assumptions!B15/10000
A8: Asset MV base | B8: =Inputs!B8
A9: Modified duration | B9: =Inputs!B9
A11: PV liabilities (base) | B11: =SUMPRODUCT(Inputs!F12:F29/(1+B3)^Inputs!E12:E29)
A12: PV liabilities (IR up) | B12: =SUMPRODUCT(Inputs!F12:F29/(1+B3+B5)^Inputs!E12:E29)
A13: PV liabilities (IR dn) | B13: =SUMPRODUCT(Inputs!F12:F29/(1+MAX(B3+B6,Assumptions!B16))^Inputs!E12:E29)
A15: Asset MV (IR up) | B15: =B8*(1-B9*B5)
A16: Asset MV (IR dn) | B16: =B8*(1-B9*B6)
A18: NAV base | B18: =B8-B11
A19: NAV IR up | B19: =B15-B12
A20: NAV IR dn | B20: =B16-B13
A22: SCR_mkt_ir | B22: =MAX(B18-MIN(B19,B20),0)

Sheet Cat
A1: Cat risk — plug pass-through
A3: SCR_cat | B3: =Assumptions!B12
A5: Demo simplification: Cat is read from Assumptions as a plug. A real Standard Formula models Cat per peril with reinsurance recoveries.

Sheet Aggregation
A1: BSCR aggregation → SCR
A3: SCR_uw (NL P&R) | B3: =NL_PremRes!B12
A4: SCR_mkt (IR) | B4: =Market_IR!B22
A5: SCR_cat (plug) | B5: =Cat!B3
A6: ρ (Mkt, UW) | B6: =Assumptions!B10
A8: BSCR | B8: =SQRT(B3^2+B4^2+2*B6*B3*B4)+B5
A9: Op risk | B9: =Assumptions!B11*Inputs!B7
A10: LACDT | B10: =Assumptions!B13
A12: SCR | B12: =B8+B9-B10

Sheet Scenarios
A1: Scenarios — populated by VBA RunScenarios()
A3: scenario_id | B3: ir_shock_bps | C3: motor_uplift | D3: property_uplift | E3: liability_uplift | F3: other_uplift | G3: scr_nl_premres | H3: scr_mkt_ir | I3: scr_cat | J3: bscr | K3: op_risk | L3: lacdt | M3: scr

Sheet Output
A1: Output — populated by VBA GenerateSummary()
A3: Run GenerateSummary in the .xlsm to populate this tab.

Sheet SCR_Computed
A1: Parity oracle — Python-computed reference
A2: DO NOT EDIT BY HAND. Regenerated by build_excel_data.py. src/08_parity_test.py reads cell B<n> for each metric below.
A4: scr_nl_premres | B4: 1.441894e+08
A5: scr_mkt_ir | B5: 47342531
A6: scr_cat | B6: 45000000
A7: bscr | B7: 2.0761932e+08
A8: op_risk | B8: 8550000
A9: lacdt | B9: 12000000
A10: scr | B10: 2.0416932e+08
